{
    "Logistic Regression": {
        "confusion_matrix": [
            [
                19,
                2,
                17,
                13
            ],
            [
                0,
                4,
                9,
                5
            ],
            [
                7,
                5,
                74,
                13
            ],
            [
                17,
                3,
                8,
                81
            ]
        ],
        "classification_report": {
            "0": {
                "precision": 0.4418604651162791,
                "recall": 0.37254901960784315,
                "f1-score": 0.40425531914893614,
                "support": 51.0
            },
            "1": {
                "precision": 0.2857142857142857,
                "recall": 0.2222222222222222,
                "f1-score": 0.25,
                "support": 18.0
            },
            "2": {
                "precision": 0.6851851851851852,
                "recall": 0.7474747474747475,
                "f1-score": 0.714975845410628,
                "support": 99.0
            },
            "3": {
                "precision": 0.7232142857142857,
                "recall": 0.7431192660550459,
                "f1-score": 0.7330316742081447,
                "support": 109.0
            },
            "accuracy": 0.6425992779783394,
            "macro avg": {
                "precision": 0.5339935554325089,
                "recall": 0.5213413138399647,
                "f1-score": 0.5255657096919273,
                "support": 277.0
            },
            "weighted avg": {
                "precision": 0.6293914488807866,
                "recall": 0.6425992779783394,
                "f1-score": 0.6346573374041,
                "support": 277.0
            }
        }
    },
    "Decision Tree": {
        "confusion_matrix": [
            [
                24,
                0,
                10,
                17
            ],
            [
                2,
                13,
                3,
                0
            ],
            [
                12,
                1,
                81,
                5
            ],
            [
                10,
                0,
                5,
                94
            ]
        ],
        "classification_report": {
            "0": {
                "precision": 0.5,
                "recall": 0.47058823529411764,
                "f1-score": 0.48484848484848486,
                "support": 51.0
            },
            "1": {
                "precision": 0.9285714285714286,
                "recall": 0.7222222222222222,
                "f1-score": 0.8125,
                "support": 18.0
            },
            "2": {
                "precision": 0.8181818181818182,
                "recall": 0.8181818181818182,
                "f1-score": 0.8181818181818182,
                "support": 99.0
            },
            "3": {
                "precision": 0.8103448275862069,
                "recall": 0.8623853211009175,
                "f1-score": 0.8355555555555556,
                "support": 109.0
            },
            "accuracy": 0.7653429602888087,
            "macro avg": {
                "precision": 0.7642745185848634,
                "recall": 0.7183443991997689,
                "f1-score": 0.7377714646464647,
                "support": 277.0
            },
            "weighted avg": {
                "precision": 0.7636890683075171,
                "recall": 0.7653429602888087,
                "f1-score": 0.7632773584217627,
                "support": 277.0
            }
        }
    },
    "KNN": {
        "confusion_matrix": [
            [
                29,
                0,
                12,
                10
            ],
            [
                1,
                13,
                2,
                2
            ],
            [
                10,
                4,
                83,
                2
            ],
            [
                24,
                0,
                5,
                80
            ]
        ],
        "classification_report": {
            "0": {
                "precision": 0.453125,
                "recall": 0.5686274509803921,
                "f1-score": 0.5043478260869565,
                "support": 51.0
            },
            "1": {
                "precision": 0.7647058823529411,
                "recall": 0.7222222222222222,
                "f1-score": 0.7428571428571429,
                "support": 18.0
            },
            "2": {
                "precision": 0.8137254901960784,
                "recall": 0.8383838383838383,
                "f1-score": 0.8258706467661692,
                "support": 99.0
            },
            "3": {
                "precision": 0.851063829787234,
                "recall": 0.7339449541284404,
                "f1-score": 0.7881773399014779,
                "support": 109.0
            },
            "accuracy": 0.740072202166065,
            "macro avg": {
                "precision": 0.7206550505840633,
                "recall": 0.7157946164287232,
                "f1-score": 0.7153132389029366,
                "support": 277.0
            },
            "weighted avg": {
                "precision": 0.7588406565291452,
                "recall": 0.740072202166065,
                "f1-score": 0.7464465407255422,
                "support": 277.0
            }
        }
    },
    "Naive Bayes": {
        "confusion_matrix": [
            [
                3,
                16,
                3,
                29
            ],
            [
                0,
                12,
                0,
                6
            ],
            [
                0,
                62,
                11,
                26
            ],
            [
                0,
                7,
                0,
                102
            ]
        ],
        "classification_report": {
            "0": {
                "precision": 1.0,
                "recall": 0.058823529411764705,
                "f1-score": 0.1111111111111111,
                "support": 51.0
            },
            "1": {
                "precision": 0.12371134020618557,
                "recall": 0.6666666666666666,
                "f1-score": 0.20869565217391303,
                "support": 18.0
            },
            "2": {
                "precision": 0.7857142857142857,
                "recall": 0.1111111111111111,
                "f1-score": 0.19469026548672566,
                "support": 99.0
            },
            "3": {
                "precision": 0.6257668711656442,
                "recall": 0.9357798165137615,
                "f1-score": 0.75,
                "support": 109.0
            },
            "accuracy": 0.4620938628158845,
            "macro avg": {
                "precision": 0.6337981242715288,
                "recall": 0.44309528092582595,
                "f1-score": 0.31612425719293746,
                "support": 277.0
            },
            "weighted avg": {
                "precision": 0.7192097738862124,
                "recall": 0.4620938628158845,
                "f1-score": 0.398727525953007,
                "support": 277.0
            }
        }
    },
    "Random Forest": {
        "confusion_matrix": [
            [
                36,
                0,
                6,
                9
            ],
            [
                0,
                16,
                2,
                0
            ],
            [
                8,
                0,
                90,
                1
            ],
            [
                10,
                0,
                5,
                94
            ]
        ],
        "classification_report": {
            "0": {
                "precision": 0.6666666666666666,
                "recall": 0.7058823529411765,