Model,Accuracy,AUC,Precision,Recall,F1 Score,MCC
Logistic Regression,0.6425992779783394,0.8453194089759106,0.5339935554325089,0.5213413138399647,0.5255657096919273,0.4671452501355756
Decision Tree,0.7653429602888087,0.8164057407768233,0.7642745185848634,0.7183443991997689,0.7377714646464647,0.6514654457241768
KNN,0.740072202166065,0.9057908422581694,0.7206550505840633,0.7157946164287232,0.7153132389029366,0.6247967515522197
Naive Bayes,0.4620938628158845,0.7922905247057773,0.6337981242715288,0.44309528092582595,0.31612425719293746,0.3133275398212586
Random Forest,0.851985559566787,0.9618789719395913,0.8610748070699527,0.8415618680054731,0.8501522432986581,0.7826462330016641
XGBoost,0.8483754512635379,0.9594915166811071,0.8471509477577439,0.8210627592710701,0.8316864484896735,0.7776776404365525
